{"_id":{"$oid":"5fa8cc8c64a54f7274578c36"},"status":"Paid","trade_no":2.02011092200146E+27,"amount":101.9,"address":"北京市海淀区创业大街","products":[{"_id":{"$oid":"5fa8cc8c64a54f7274578c37"},"count":1,"product":{"$oid":"5fa2c58ed6b0014c93906a99"}}],"user":{"$oid":"5f9d6f70f75ae3c81541bcba"},"createdAt":{"$date":"2020-11-09T04:58:52.234Z"},"updatedAt":{"$date":"2020-11-09T04:58:52.234Z"},"__v":0}
{"_id":{"$oid":"5fa8cee764a54f7274578c38"},"status":"Paid","trade_no":2.02011092200146E+27,"amount":38.6,"address":"sfsddsfsfsfssf","products":[{"_id":{"$oid":"5fa8cee764a54f7274578c39"},"count":1,"product":{"$oid":"5fa2c64dd6b0014c93906a9b"}}],"user":{"$oid":"5f9d6f70f75ae3c81541bcba"},"createdAt":{"$date":"2020-11-09T05:08:55.299Z"},"updatedAt":{"$date":"2020-11-09T05:08:55.299Z"},"__v":0}
{"_id":{"$oid":"5fa926696a31d972d0937acc"},"status":"Paid","trade_no":2.02011092200146E+27,"amount":38.7,"address":"北京市朝阳区东大桥","products":[{"_id":{"$oid":"5fa926696a31d972d0937acd"},"count":1,"product":{"$oid":"5fa2c42cd6b0014c93906a94"}}],"user":{"$oid":"5f9d6f70f75ae3c81541bcba"},"createdAt":{"$date":"2020-11-09T11:22:17.717Z"},"updatedAt":{"$date":"2020-11-09T11:22:17.717Z"},"__v":0}
{"_id":{"$oid":"5fa926c06a31d972d0937ace"},"status":"Paid","trade_no":2.02011092200146E+27,"amount":35.1,"address":"黑龙江省齐齐哈尔市","products":[{"_id":{"$oid":"5fa926c06a31d972d0937acf"},"count":1,"product":{"$oid":"5fa2c38ad6b0014c93906a93"}}],"user":{"$oid":"5f9d6f70f75ae3c81541bcba"},"createdAt":{"$date":"2020-11-09T11:23:44.47Z"},"updatedAt":{"$date":"2020-11-09T11:23:44.47Z"},"__v":0}
{"_id":{"$oid":"5fb222f67ad8e1256a309012"},"status":"Paid","trade_no":"2020111622001458660512331802","amount":70.2,"address":"北京市海淀区创业大街","products":[{"_id":{"$oid":"5fb222f67ad8e1256a309013"},"count":2,"product":{"$oid":"5fa2c38ad6b0014c93906a93"}}],"user":{"$oid":"5fb222877ad8e1256a309011"},"createdAt":{"$date":"2020-11-16T06:57:58.076Z"},"updatedAt":{"$date":"2020-11-16T06:57:58.076Z"},"__v":0}
